{"cameraMode":{"drawMode":1,"name":"Wireframe","section":"Shading Mode"},"sceneLighting":false,"audioPlay":false,"sceneViewState":{"m_AlwaysRefresh":false,"showFog":true,"showSkybox":true,"showFlares":true,"showImageEffects":true,"showParticleSystems":true,"showVisualEffectGraphs":true,"m_FxEnabled":true},"in2DMode":false,"pivot":{"x":22.76140785217285,"y":2.5784642696380617,"z":107.26331329345703},"rotation":{"x":0.5874130129814148,"y":0.008497117087244988,"z":-0.006168062798678875,"w":0.8092195987701416},"size":0.23117364943027497,"orthographic":false}